Project,Plate,i7 Name,i7 Sequence,Panel,Flow Cell Type,Instrument
P125 Winter,P125_2025-26,i726,AATTTG,Ots Final,P2 200 cycle-Xleap,
P125 Winter,P125_2025-27,i727,GGTTTG,Ots Final,P2 200 cycle-Xleap,
P125 Winter,P125_2025-28,i728,TATCAG,Ots Final,P2 200 cycle-Xleap,
P125 Winter,P125_2025-29,i729,ACGTAT,Ots Final,P2 200 cycle-Xleap,
P125 Winter,P125_2025-30,i730,GTACCT,Ots Final,P2 200 cycle-Xleap,
P133 Coleman PBT,P133_2025-01,i701,CGTGAT,Ots Final,P2 200 cycle-Xleap,
P133 Coleman PBT,P133_2025-02,i702,ACATCG,Ots Final,P2 200 cycle-Xleap,
P133 Coleman PBT,P133_2025-03,i703,GCCTAA,Ots Final,P2 200 cycle-Xleap,
P133 Coleman PBT,P133_2025-04,i704,TGGTCA,Ots Final,P2 200 cycle-Xleap,
P133 Coleman PBT,P133_2025-05,i705,CACTGT,Ots Final,P2 200 cycle-Xleap,
P133 Coleman PBT,P133_2025-06,i706,ATTGGC,Ots Final,P2 200 cycle-Xleap,
P133 Coleman PBT,P133_2025-07,i707,GATCTG,Ots Final,P2 200 cycle-Xleap,
P133 Coleman PBT,P133_2025-08,i708,TCAAGT,Ots Final,P2 200 cycle-Xleap,
P133 Coleman PBT,P133_2025-09,i709,CTGATC,Ots Final,P2 200 cycle-Xleap,
P133 Coleman PBT,P133_2025-10,i710,AAGCTA,Ots Final,P2 200 cycle-Xleap,
P133 Coleman PBT,P133_2025-11,i711,GTAGCC,Ots Final,P2 200 cycle-Xleap,
P133 Coleman PBT,P133_2025-12,i712,TACAAG,Ots Final,P2 200 cycle-Xleap,
P133 Coleman PBT,P133_2025-13,i713,TTATCC,Ots Final,P2 200 cycle-Xleap,
P133 Coleman PBT,P133_2025-14,i714,CAGCTC,Ots Final,P2 200 cycle-Xleap,
P133 Coleman PBT,P133_2025-15,i715,ACAGTA,Ots Final,P2 200 cycle-Xleap,
P133 Coleman PBT,P133_2025-16,i716,GCTGGC,Ots Final,P2 200 cycle-Xleap,
P133 Coleman PBT,P133_2025-17,i717,GATGAG,Ots Final,P2 200 cycle-Xleap,
P133 Coleman PBT,P133_2025-18,i718,AGCATA,Ots Final,P2 200 cycle-Xleap,
P133 Coleman PBT,P133_2025-19,i719,CGACTG,Ots Final,P2 200 cycle-Xleap,
P133 Coleman PBT,P133_2025-20,i720,CCTGAC,Ots Final,P2 200 cycle-Xleap,
